{
    "meta": {
        "timestamp": "2026-02-02 18:45",
        "version": "v0.09 Sovereign Finality"
    },
    "account": {
        "id": 31785628,
        "currency": "GBP",
        "totalValue": 174474.49,
        "cash": {
            "availableToTrade": 857.62,
            "reservedForOrders": 19065.74,
            "inPies": 0
        },
        "investments": {
            "currentValue": 154551.13,
            "totalCost": 156829.19,
            "realizedProfitLoss": 26122.63,
            "unrealizedProfitLoss": -2278.06
        }
    },
    "holdings": [
        {
            "Ticker": "BMY",
            "Name": "Bristol-Myers Squibb",
            "Value_GBP": 7734.15,
            "Value": 7734.15,
            "Price_GBP": 40.70605263157895,
            "Price": 55.6,
            "Avg_Price": 50.57,
            "PL_GBP": 577.02,
            "PL": 577.02,
            "Shares": 190.0,
            "Currency": "USD",
            "FX_Impact": -122.67,
            "Weight_Pct": 5.0040531785829385,
            "Weight": 5.0040531785829385
        },
        {
            "Ticker": "DHR",
            "Name": "Danaher",
            "Value_GBP": 4867.16,
            "Value": 4867.16,
            "Price_GBP": 162.23866666666666,
            "Price": 221.6,
            "Avg_Price": 218.2,
            "PL_GBP": 106.19,
            "PL": 106.19,
            "Shares": 30.0,
            "Currency": "USD",
            "FX_Impact": 31.51,
            "Weight_Pct": 3.149089100763721,
            "Weight": 3.149089100763721
        },
        {
            "Ticker": "RIO",
            "Name": "Rio Tinto",
            "Value_GBP": 6963.18,
            "Value": 6963.18,
            "Price_GBP": 68.01996042992886,
            "Price": 68.02,
            "Avg_Price": 45.7667501255,
            "PL_GBP": 2278.06,
            "PL": 2278.06,
            "Shares": 102.36965673,
            "Currency": "GBX",
            "FX_Impact": null,
            "Weight_Pct": 4.505229794100858,
            "Weight": 4.505229794100858
        },
        {
            "Ticker": "LGEN",
            "Name": "Legal & General",
            "Value_GBP": 2676.0,
            "Value": 2676.0,
            "Price_GBP": 2.676,
            "Price": 2.676,
            "Avg_Price": 2.5980000000000003,
            "PL_GBP": 78.0,
            "PL": 78.0,
            "Shares": 1000.0,
            "Currency": "GBX",
            "FX_Impact": null,
            "Weight_Pct": 1.7313921123701952,
            "Weight": 1.7313921123701952
        },
        {
            "Ticker": "QELL",
            "Name": "Lilium",
            "Value_GBP": 0.16,
            "Value": 0.16,
            "Price_GBP": 0.0005810509621277883,
            "Price": 0.00079,
            "Avg_Price": 1.02294022,
            "PL_GBP": -216.7,
            "PL": -216.7,
            "Shares": 275.36311,
            "Currency": "USD",
            "FX_Impact": -10.63,
            "Weight_Pct": 0.000103521202533345,
            "Weight": 0.000103521202533345
        },
        {
            "Ticker": "BATS",
            "Name": "British American Tobacco",
            "Value_GBP": 4432.0,
            "Value": 4432.0,
            "Price_GBP": 44.32,
            "Price": 44.32,
            "Avg_Price": 42.027249000000005,
            "PL_GBP": 229.28,
            "PL": 229.28,
            "Shares": 100.0,
            "Currency": "GBX",
            "FX_Impact": null,
            "Weight_Pct": 2.8675373101736565,
            "Weight": 2.8675373101736565
        },
        {
            "Ticker": "VSNTV",
            "Name": "Versant Media Group",
            "Value_GBP": 2652.51,
            "Value": 2652.51,
            "Price_GBP": 23.896486486486488,
            "Price": 32.64,
            "Avg_Price": 33.25963964,
            "PL_GBP": -106.36,
            "PL": -106.36,
            "Shares": 111.0,
            "Currency": "USD",
            "FX_Impact": -56.0,
            "Weight_Pct": 1.7161939058232685,
            "Weight": 1.7161939058232685
        },
        {
            "Ticker": "NUE",
            "Name": "Nucor",
            "Value_GBP": 15793.48,
            "Value": 15793.48,
            "Price_GBP": 132.55091031268915,
            "Price": 181.05,
            "Avg_Price": 142.75373864,
            "PL_GBP": 3220.61,
            "PL": 3220.61,
            "Shares": 119.1502945,
            "Currency": "USD",
            "FX_Impact": -120.08,
            "Weight_Pct": 10.218500261164584,
            "Weight": 10.218500261164584
        },
        {
            "Ticker": "SOLV",
            "Name": "Solventum",
            "Value_GBP": 5640.28,
            "Value": 5640.28,
            "Price_GBP": 56.4028,
            "Price": 77.04,
            "Avg_Price": 80.4473,
            "PL_GBP": -337.56,
            "PL": -337.56,
            "Shares": 100.0,
            "Currency": "USD",
            "FX_Impact": -88.1,
            "Weight_Pct": 3.649303551404844,
            "Weight": 3.649303551404844
        },
        {
            "Ticker": "RE",
            "Name": "Everest Group",
            "Value_GBP": 16211.09,
            "Value": 16211.09,
            "Price_GBP": 242.12784891043714,
            "Price": 330.72,
            "Avg_Price": 333.79806975,
            "PL_GBP": -783.08,
            "PL": -783.08,
            "Shares": 66.95260406,
            "Currency": "USD",
            "FX_Impact": -632.2,
            "Weight_Pct": 10.488697069851773,
            "Weight": 10.488697069851773
        },
        {
            "Ticker": "NFLX",
            "Name": "Netflix",
            "Value_GBP": 11565.06,
            "Value": 11565.06,
            "Price_GBP": 60.868736842105264,
            "Price": 83.14,
            "Avg_Price": 92.46947368,
            "PL_GBP": -1557.56,
            "PL": -1557.56,
            "Shares": 190.0,
            "Currency": "USD",
            "FX_Impact": -259.8,
            "Weight_Pct": 7.482680741064293,
            "Weight": 7.482680741064293
        },
        {
            "Ticker": "CRM",
            "Name": "Salesforce",
            "Value_GBP": 14244.31,
            "Value": 14244.31,
            "Price_GBP": 154.82945652173913,
            "Price": 211.48,
            "Avg_Price": 242.96684783,
            "PL_GBP": -2311.43,
            "PL": -2311.43,
            "Shares": 92.0,
            "Currency": "USD",
            "FX_Impact": -190.62,
            "Weight_Pct": 9.216175627860947,
            "Weight": 9.216175627860947
        },
        {
            "Ticker": "QCOM",
            "Name": "Qualcomm",
            "Value_GBP": 12088.91,
            "Value": 12088.91,
            "Price_GBP": 111.93435185185184,
            "Price": 152.89,
            "Avg_Price": 168.85388889,
            "PL_GBP": -1413.84,
            "PL": -1413.84,
            "Shares": 108.0,
            "Currency": "USD",
            "FX_Impact": -151.59,
            "Weight_Pct": 7.821615628233622,
            "Weight": 7.821615628233622
        },
        {
            "Ticker": "EOG",
            "Name": "EOG Resources",
            "Value_GBP": 13480.88,
            "Value": 13480.88,
            "Price_GBP": 80.3212373460707,
            "Price": 109.71,
            "Avg_Price": 114.00211891,
            "PL_GBP": -786.29,
            "PL": -786.29,
            "Shares": 167.83705587,
            "Currency": "USD",
            "FX_Impact": -258.89,
            "Weight_Pct": 8.722230680048249,
            "Weight": 8.722230680048249
        },
        {
            "Ticker": "CTVA",
            "Name": "Corteva",
            "Value_GBP": 12084.43,
            "Value": 12084.43,
            "Price_GBP": 53.708577777777776,
            "Price": 73.36,
            "Avg_Price": 69.9412,
            "PL_GBP": 406.01,
            "PL": 406.01,
            "Shares": 225.0,
            "Currency": "USD",
            "FX_Impact": -157.16,
            "Weight_Pct": 7.818717034562689,