{
    "meta": {
        "timestamp": "2026-02-02 17:14",
        "version": "v0.04 Sovereign Finality"
    },
    "account": {
        "id": 31785628,
        "currency": "GBP",
        "totalValue": 174731.02,
        "cash": {
            "availableToTrade": 861.81,
            "reservedForOrders": 19061.55,
            "inPies": 0
        },
        "investments": {
            "currentValue": 154807.66,
            "totalCost": 156829.19,
            "realizedProfitLoss": 26122.63,
            "unrealizedProfitLoss": -2021.53
        }
    },
    "holdings": [
        {
            "Ticker": "BMY",
            "Name": "Bristol-Myers Squibb",
            "Value_GBP": 7743.868305246664,
            "Value": 7743.868305246664,
            "Price_GBP": 40.75720160656139,
            "Price": 55.68,
            "Avg_Price": 50.57,
            "PL_GBP": 710.6890632149856,
            "PL": 710.6890632149856,
            "Shares": 190.0,
            "Currency": "USD",
            "FX_Impact": -124.16,
            "Weight_Pct": 5.002087525595404,
            "Weight": 5.002087525595404
        },
        {
            "Ticker": "DHR",
            "Name": "Danaher",
            "Value_GBP": 4857.4854500923375,
            "Value": 4857.4854500923375,
            "Price_GBP": 161.9161816697446,
            "Price": 221.2,
            "Avg_Price": 218.2,
            "PL_GBP": 65.87909742439848,
            "PL": 65.87909742439848,
            "Shares": 30.0,
            "Currency": "USD",
            "FX_Impact": 30.49,
            "Weight_Pct": 3.1376524519671714,
            "Weight": 3.1376524519671714
        },
        {
            "Ticker": "RIO",
            "Name": "Rio Tinto",
            "Value_GBP": 6963.1840507746,
            "Value": 6963.1840507746,
            "Price_GBP": 68.02,
            "Price": 68.02,
            "Avg_Price": 45.7667501255,
            "PL_GBP": 2278.0575507794797,
            "PL": 2278.0575507794797,
            "Shares": 102.36965673,
            "Currency": "GBX",
            "FX_Impact": null,
            "Weight_Pct": 4.497811004250421,
            "Weight": 4.497811004250421
        },
        {
            "Ticker": "LGEN",
            "Name": "Legal & General",
            "Value_GBP": 2676.0,
            "Value": 2676.0,
            "Price_GBP": 2.676,
            "Price": 2.676,
            "Avg_Price": 2.5980000000000003,
            "PL_GBP": 77.99999999999984,
            "PL": 77.99999999999984,
            "Shares": 1000.0,
            "Currency": "GBX",
            "FX_Impact": null,
            "Weight_Pct": 1.728540012673541,
            "Weight": 1.728540012673541
        },
        {
            "Ticker": "QELL",
            "Name": "Lilium",
            "Value_GBP": 0.15923479765680668,
            "Value": 0.15923479765680668,
            "Price_GBP": 0.0005782720773919451,
            "Price": 0.00079,
            "Avg_Price": 1.02294022,
            "PL_GBP": -206.0277005779246,
            "PL": -206.0277005779246,
            "Shares": 275.36311,
            "Currency": "USD",
            "FX_Impact": -10.68,
            "Weight_Pct": 0.00010285639729438168,
            "Weight": 0.00010285639729438168
        },
        {
            "Ticker": "BATS",
            "Name": "British American Tobacco",
            "Value_GBP": 4432.0,
            "Value": 4432.0,
            "Price_GBP": 44.32,
            "Price": 44.32,
            "Avg_Price": 42.027249000000005,
            "PL_GBP": 229.27509999999955,
            "PL": 229.27509999999955,
            "Shares": 100.0,
            "Currency": "GBX",
            "FX_Impact": null,
            "Weight_Pct": 2.862813653276956,
            "Weight": 2.862813653276956
        },
        {
            "Ticker": "VSNTV",
            "Name": "Versant Media Group",
            "Value_GBP": 2669.9041410177515,
            "Value": 2669.9041410177515,
            "Price_GBP": 24.053190459619383,
            "Price": 32.86,
            "Avg_Price": 33.25963964,
            "PL_GBP": -32.47107515979488,
            "PL": -32.47107515979488,
            "Shares": 111.0,
            "Currency": "USD",
            "FX_Impact": -56.58,
            "Weight_Pct": 1.724602443106115,
            "Weight": 1.724602443106115
        },
        {
            "Ticker": "NUE",
            "Name": "Nucor",
            "Value_GBP": 15752.229979625972,
            "Value": 15752.229979625972,
            "Price_GBP": 132.20470873134076,
            "Price": 180.61,
            "Avg_Price": 142.75373864,
            "PL_GBP": 3301.7027579400287,
            "PL": 3301.7027579400287,
            "Shares": 119.1502945,
            "Currency": "USD",
            "FX_Impact": -122.71,
            "Weight_Pct": 10.175022350007179,
            "Weight": 10.175022350007179
        },
        {
            "Ticker": "SOLV",
            "Name": "Solventum",
            "Value_GBP": 5662.674418612768,
            "Value": 5662.674418612768,
            "Price_GBP": 56.62674418612768,
            "Price": 77.36,
            "Avg_Price": 80.4473,
            "PL_GBP": -225.98726386482895,
            "PL": -225.98726386482895,
            "Shares": 100.0,
            "Currency": "USD",
            "FX_Impact": -89.36,
            "Weight_Pct": 3.6577575901775226,
            "Weight": 3.6577575901775226
        },
        {
            "Ticker": "RE",
            "Name": "Everest Group",
            "Value_GBP": 16242.44172216482,
            "Value": 16242.44172216482,
            "Price_GBP": 242.59611631549168,
            "Price": 331.42,
            "Avg_Price": 333.79806975,
            "PL_GBP": -116.54595173984126,
            "PL": -116.54595173984126,
            "Shares": 66.95260406,
            "Currency": "USD",
            "FX_Impact": -635.68,
            "Weight_Pct": 10.491670560642762,
            "Weight": 10.491670560642762
        },
        {
            "Ticker": "NFLX",
            "Name": "Netflix",
            "Value_GBP": 11657.525886238782,
            "Value": 11657.525886238782,
            "Price_GBP": 61.35539940125675,
            "Price": 83.82,
            "Avg_Price": 92.46947368,
            "PL_GBP": -1202.9523183839287,
            "PL": -1202.9523183839287,
            "Shares": 190.0,
            "Currency": "USD",
            "FX_Impact": -262.52,
            "Weight_Pct": 7.53008219100946,
            "Weight": 7.53008219100946
        },
        {
            "Ticker": "CRM",
            "Name": "Salesforce",
            "Value_GBP": 14392.562494910122,
            "Value": 14392.562494910122,
            "Price_GBP": 156.44089668380568,
            "Price": 213.72,
            "Avg_Price": 242.96684783,
            "PL_GBP": -1969.5727361613408,
            "PL": -1969.5727361613408,
            "Shares": 92.0,
            "Currency": "USD",
            "FX_Impact": -194.1,
            "Weight_Pct": 9.296756411568264,
            "Weight": 9.296756411568264
        },
        {
            "Ticker": "QCOM",
            "Name": "Qualcomm",
            "Value_GBP": 12108.841622994196,
            "Value": 12108.841622994196,
            "Price_GBP": 112.11890391661292,
            "Price": 153.17,
            "Avg_Price": 168.85388889,
            "PL_GBP": -1239.8885330133098,
            "PL": -1239.8885330133098,
            "Shares": 108.0,
            "Currency": "USD",
            "FX_Impact": -154.42,
            "Weight_Pct": 7.82160584920489,
            "Weight": 7.82160584920489
        },
        {
            "Ticker": "EOG",
            "Name": "EOG Resources",
            "Value_GBP": 13432.970262009823,
            "Value": 13432.970262009823,
            "Price_GBP": 80.03578347093072,
            "Price": 109.34,
            "Avg_Price": 114.00211891,
            "PL_GBP": -572.7648132063613,
            "PL": -572.7648132063613,
            "Shares": 167.83705587,
            "Currency": "USD",