{
    "meta": {
        "timestamp": "2026-02-02 15:51",
        "version": "v0.01 Sovereign Finality"
    },
    "account": {
        "id": 31785628,
        "currency": "GBP",
        "totalValue": 174735.78,
        "cash": {
            "availableToTrade": 823.79,
            "reservedForOrders": 19099.57,
            "inPies": 0
        },
        "investments": {
            "currentValue": 154812.42,
            "totalCost": 156829.19,
            "realizedProfitLoss": 26122.63,
            "unrealizedProfitLoss": -2016.77
        }
    },
    "holdings": [
        {
            "Ticker": "BMY",
            "Name": "Bristol-Myers Squibb",
            "Value_GBP": 7735.284884998048,
            "Value": 7735.284884998048,
            "Price_GBP": 40.712025710516045,
            "Price": 55.5,
            "Avg_Price": 50.57,
            "PL_GBP": 687.1162969917186,
            "PL": 687.1162969917186,
            "Shares": 190.0,
            "Currency": "USD",
            "FX_Impact": -110.13,
            "Weight_Pct": 4.995816866018663,
            "Weight": 4.995816866018663
        },
        {
            "Ticker": "DHR",
            "Name": "Danaher",
            "Value_GBP": 4798.957538752558,
            "Value": 4798.957538752558,
            "Price_GBP": 159.96525129175194,
            "Price": 218.07,
            "Avg_Price": 218.2,
            "PL_GBP": -2.860845049928571,
            "PL": -2.860845049928571,
            "Shares": 30.0,
            "Currency": "USD",
            "FX_Impact": 40.05,
            "Weight_Pct": 3.0993962559678225,
            "Weight": 3.0993962559678225
        },
        {
            "Ticker": "RIO",
            "Name": "Rio Tinto",
            "Value_GBP": 6917.22007490283,
            "Value": 6917.22007490283,
            "Price_GBP": 67.571,
            "Price": 67.571,
            "Avg_Price": 45.7667501255,
            "PL_GBP": 2232.0935749077103,
            "PL": 2232.0935749077103,
            "Shares": 102.36965673,
            "Currency": "GBX",
            "FX_Impact": null,
            "Weight_Pct": 4.467471493284394,
            "Weight": 4.467471493284394
        },
        {
            "Ticker": "LGEN",
            "Name": "Legal & General",
            "Value_GBP": 2668.9999999999995,
            "Value": 2668.9999999999995,
            "Price_GBP": 2.6689999999999996,
            "Price": 2.6689999999999996,
            "Avg_Price": 2.5980000000000003,
            "PL_GBP": 70.99999999999929,
            "PL": 70.99999999999929,
            "Shares": 1000.0,
            "Currency": "GBX",
            "FX_Impact": null,
            "Weight_Pct": 1.723767826736891,
            "Weight": 1.723767826736891
        },
        {
            "Ticker": "QELL",
            "Name": "Lilium",
            "Value_GBP": 0.15957416416392162,
            "Value": 0.15957416416392162,
            "Price_GBP": 0.0005795045101136518,
            "Price": 0.00079,
            "Avg_Price": 1.02294022,
            "PL_GBP": -206.46679367907416,
            "PL": -206.46679367907416,
            "Shares": 275.36311,
            "Currency": "USD",
            "FX_Impact": -10.27,
            "Weight_Pct": 0.00010306062576403115,
            "Weight": 0.00010306062576403115
        },
        {
            "Ticker": "BATS",
            "Name": "British American Tobacco",
            "Value_GBP": 4429.7,
            "Value": 4429.7,
            "Price_GBP": 44.297,
            "Price": 44.297,
            "Avg_Price": 42.027249000000005,
            "PL_GBP": 226.97509999999923,
            "PL": 226.97509999999923,
            "Shares": 100.0,
            "Currency": "GBX",
            "FX_Impact": null,
            "Weight_Pct": 2.860912080215964,
            "Weight": 2.860912080215964
        },
        {
            "Ticker": "VSNTV",
            "Name": "Versant Media Group",
            "Value_GBP": 2657.6810383824873,
            "Value": 2657.6810383824873,
            "Price_GBP": 23.943072417860247,
            "Price": 32.64,
            "Avg_Price": 33.25963964,
            "PL_GBP": -50.453569909870154,
            "PL": -50.453569909870154,
            "Shares": 111.0,
            "Currency": "USD",
            "FX_Impact": -51.18,
            "Weight_Pct": 1.7164575000720963,
            "Weight": 1.7164575000720963
        },
        {
            "Ticker": "NUE",
            "Name": "Nucor",
            "Value_GBP": 15645.957336997331,
            "Value": 15645.957336997331,
            "Price_GBP": 131.31278779170228,
            "Price": 179.01,
            "Avg_Price": 142.75373864,
            "PL_GBP": 3168.895136794507,
            "PL": 3168.895136794507,
            "Shares": 119.1502945,
            "Currency": "USD",
            "FX_Impact": -97.88,
            "Weight_Pct": 10.104907409521923,
            "Weight": 10.104907409521923
        },
        {
            "Ticker": "SOLV",
            "Name": "Solventum",
            "Value_GBP": 5656.4041487169225,
            "Value": 5656.4041487169225,
            "Price_GBP": 56.56404148716923,
            "Price": 77.11,
            "Avg_Price": 80.4473,
            "PL_GBP": -244.80764577244187,
            "PL": -244.80764577244187,
            "Shares": 100.0,
            "Currency": "USD",
            "FX_Impact": -77.61,
            "Weight_Pct": 3.6531762782237935,
            "Weight": 3.6531762782237935
        },
        {
            "Ticker": "RE",
            "Name": "Everest Group",
            "Value_GBP": 16199.459483193828,
            "Value": 16199.459483193828,
            "Price_GBP": 241.95413622264164,
            "Price": 329.84,
            "Avg_Price": 333.79806975,
            "PL_GBP": -194.39301038922073,
            "PL": -194.39301038922073,
            "Shares": 66.95260406,
            "Currency": "USD",
            "FX_Impact": -603.04,
            "Weight_Pct": 10.46238556300388,
            "Weight": 10.46238556300388
        },
        {
            "Ticker": "NFLX",
            "Name": "Netflix",
            "Value_GBP": 11633.589718032199,
            "Value": 11633.589718032199,
            "Price_GBP": 61.22941956859052,
            "Price": 83.47,
            "Avg_Price": 92.46947368,
            "PL_GBP": -1254.2971663034557,
            "PL": -1254.2971663034557,
            "Shares": 190.0,
            "Currency": "USD",
            "FX_Impact": -236.87,
            "Weight_Pct": 7.513528537055455,
            "Weight": 7.513528537055455
        },
        {
            "Ticker": "CRM",
            "Name": "Salesforce",
            "Value_GBP": 14506.919789178246,
            "Value": 14506.919789178246,
            "Price_GBP": 157.68391075193745,
            "Price": 214.96,
            "Avg_Price": 242.96684783,
            "PL_GBP": -1890.086969750329,
            "PL": -1890.086969750329,
            "Shares": 92.0,
            "Currency": "USD",
            "FX_Impact": -161.46,
            "Weight_Pct": 9.369262494431693,
            "Weight": 9.369262494431693
        },
        {
            "Ticker": "QCOM",
            "Name": "Qualcomm",
            "Value_GBP": 12122.764879569402,
            "Value": 12122.764879569402,
            "Price_GBP": 112.24782295897595,
            "Price": 153.02,
            "Avg_Price": 168.85388889,
            "PL_GBP": -1254.4145349803696,
            "PL": -1254.4145349803696,
            "Shares": 108.0,
            "Currency": "USD",
            "FX_Impact": -127.79,
            "Weight_Pct": 7.829461247844758,
            "Weight": 7.829461247844758
        },
        {
            "Ticker": "EOG",
            "Name": "EOG Resources",
            "Value_GBP": 13406.196462356278,
            "Value": 13406.196462356278,
            "Price_GBP": 79.87626089401968,
            "Price": 108.89,
            "Avg_Price": 114.00211891,
            "PL_GBP": -629.3881021800569,
            "PL": -629.3881021800569,