{
    "meta": {
        "timestamp": "2026-02-02 18:28",
        "version": "v0.09 Sovereign Finality"
    },
    "account": {
        "id": 31785628,
        "currency": "GBP",
        "totalValue": 174456.66,
        "cash": {
            "availableToTrade": 853.43,
            "reservedForOrders": 19069.94,
            "inPies": 0
        },
        "investments": {
            "currentValue": 154533.3,
            "totalCost": 156829.19,
            "realizedProfitLoss": 26122.63,
            "unrealizedProfitLoss": -2295.89
        }
    },
    "holdings": [
        {
            "Ticker": "BMY",
            "Name": "Bristol-Myers Squibb",
            "Value_GBP": 7733.01,
            "Value": 7733.01,
            "Price_GBP": 40.70005263157895,
            "Price": 55.58,
            "Avg_Price": 50.57,
            "PL_GBP": 575.88,
            "PL": 575.88,
            "Shares": 190.0,
            "Currency": "USD",
            "FX_Impact": -121.18,
            "Weight_Pct": 5.004139912542527,
            "Weight": 5.004139912542527
        },
        {
            "Ticker": "DHR",
            "Name": "Danaher",
            "Value_GBP": 4866.87,
            "Value": 4866.87,
            "Price_GBP": 162.22899999999998,
            "Price": 221.54,
            "Avg_Price": 218.2,
            "PL_GBP": 105.9,
            "PL": 105.9,
            "Shares": 30.0,
            "Currency": "USD",
            "FX_Impact": 32.53,
            "Weight_Pct": 3.1494202666433697,
            "Weight": 3.1494202666433697
        },
        {
            "Ticker": "RIO",
            "Name": "Rio Tinto",
            "Value_GBP": 6963.18,
            "Value": 6963.18,
            "Price_GBP": 68.01996042992886,
            "Price": 68.02,
            "Avg_Price": 45.7667501255,
            "PL_GBP": 2278.06,
            "PL": 2278.06,
            "Shares": 102.36965673,
            "Currency": "GBX",
            "FX_Impact": null,
            "Weight_Pct": 4.505972054376999,
            "Weight": 4.505972054376999
        },
        {
            "Ticker": "LGEN",
            "Name": "Legal & General",
            "Value_GBP": 2676.0,
            "Value": 2676.0,
            "Price_GBP": 2.676,
            "Price": 2.676,
            "Avg_Price": 2.5980000000000003,
            "PL_GBP": 78.0,
            "PL": 78.0,
            "Shares": 1000.0,
            "Currency": "GBX",
            "FX_Impact": null,
            "Weight_Pct": 1.731677368316322,
            "Weight": 1.731677368316322
        },
        {
            "Ticker": "QELL",
            "Name": "Lilium",
            "Value_GBP": 0.16,
            "Value": 0.16,
            "Price_GBP": 0.0005810509621277883,
            "Price": 0.00079,
            "Avg_Price": 1.02294022,
            "PL_GBP": -216.7,
            "PL": -216.7,
            "Shares": 275.36311,
            "Currency": "USD",
            "FX_Impact": -10.59,
            "Weight_Pct": 0.00010353825819529579,
            "Weight": 0.00010353825819529579
        },
        {
            "Ticker": "BATS",
            "Name": "British American Tobacco",
            "Value_GBP": 4432.0,
            "Value": 4432.0,
            "Price_GBP": 44.32,
            "Price": 44.32,
            "Avg_Price": 42.027249000000005,
            "PL_GBP": 229.28,
            "PL": 229.28,
            "Shares": 100.0,
            "Currency": "GBX",
            "FX_Impact": null,
            "Weight_Pct": 2.8680097520096934,
            "Weight": 2.8680097520096934
        },
        {
            "Ticker": "VSNTV",
            "Name": "Versant Media Group",
            "Value_GBP": 2666.08,
            "Value": 2666.08,
            "Price_GBP": 24.018738738738737,
            "Price": 32.8,
            "Avg_Price": 33.25963964,
            "PL_GBP": -92.79,
            "PL": -92.79,
            "Shares": 111.0,
            "Currency": "USD",
            "FX_Impact": -55.43,
            "Weight_Pct": 1.7252579963082135,
            "Weight": 1.7252579963082135
        },
        {
            "Ticker": "NUE",
            "Name": "Nucor",
            "Value_GBP": 15729.65,
            "Value": 15729.65,
            "Price_GBP": 132.01520034849767,
            "Price": 180.28,
            "Avg_Price": 142.75373864,
            "PL_GBP": 3156.78,
            "PL": 3156.78,
            "Shares": 119.1502945,
            "Currency": "USD",
            "FX_Impact": -117.43,
            "Weight_Pct": 10.178878518885215,
            "Weight": 10.178878518885215
        },
        {
            "Ticker": "SOLV",
            "Name": "Solventum",
            "Value_GBP": 5638.55,
            "Value": 5638.55,
            "Price_GBP": 56.3855,
            "Price": 77.0,
            "Avg_Price": 80.4473,
            "PL_GBP": -339.29,
            "PL": -339.29,
            "Shares": 100.0,
            "Currency": "USD",
            "FX_Impact": -86.85,
            "Weight_Pct": 3.6487852859192813,
            "Weight": 3.6487852859192813
        },
        {
            "Ticker": "RE",
            "Name": "Everest Group",
            "Value_GBP": 16213.06,
            "Value": 16213.06,
            "Price_GBP": 242.15727270996902,
            "Price": 330.69,
            "Avg_Price": 333.79806975,
            "PL_GBP": -781.11,
            "PL": -781.11,
            "Shares": 66.95260406,
            "Currency": "USD",
            "FX_Impact": -628.73,
            "Weight_Pct": 10.49169995259889,
            "Weight": 10.49169995259889
        },
        {
            "Ticker": "NFLX",
            "Name": "Netflix",
            "Value_GBP": 11600.91,
            "Value": 11600.91,
            "Price_GBP": 61.057421052631575,
            "Price": 83.38,
            "Avg_Price": 92.46947368,
            "PL_GBP": -1521.71,
            "PL": -1521.71,
            "Shares": 190.0,
            "Currency": "USD",
            "FX_Impact": -257.06,
            "Weight_Pct": 7.50711259300243,
            "Weight": 7.50711259300243
        },
        {
            "Ticker": "CRM",
            "Name": "Salesforce",
            "Value_GBP": 14292.47,
            "Value": 14292.47,
            "Price_GBP": 155.35293478260868,
            "Price": 212.15,
            "Avg_Price": 242.96684783,
            "PL_GBP": -2263.27,
            "PL": -2263.27,
            "Shares": 92.0,
            "Currency": "USD",
            "FX_Impact": -187.15,
            "Weight_Pct": 9.248859056928243,
            "Weight": 9.248859056928243
        },
        {
            "Ticker": "QCOM",
            "Name": "Qualcomm",
            "Value_GBP": 12078.03,
            "Value": 12078.03,
            "Price_GBP": 111.83361111111111,
            "Price": 152.72,
            "Avg_Price": 168.85388889,
            "PL_GBP": -1424.72,
            "PL": -1424.72,
            "Shares": 108.0,
            "Currency": "USD",
            "FX_Impact": -148.75,
            "Weight_Pct": 7.8158636789408025,
            "Weight": 7.8158636789408025
        },
        {
            "Ticker": "EOG",
            "Name": "EOG Resources",
            "Value_GBP": 13448.1,
            "Value": 13448.1,
            "Price_GBP": 80.1259288676773,
            "Price": 109.42,
            "Avg_Price": 114.00211891,
            "PL_GBP": -819.07,
            "PL": -819.07,
            "Shares": 167.83705587,
            "Currency": "USD",
            "FX_Impact": -255.91,
            "Weight_Pct": 8.702455312725982,
            "Weight": 8.702455312725982
        },
        {
            "Ticker": "CTVA",
            "Name": "Corteva",
            "Value_GBP": 12075.46,
            "Value": 12075.46,
            "Price_GBP": 53.66871111111111,
            "Price": 73.29,
            "Avg_Price": 69.9412,
            "PL_GBP": 397.04,
            "PL": 397.04,
            "Shares": 225.0,
            "Currency": "USD",
            "FX_Impact": -154.72,
            "Weight_Pct": 7.81420059566854,