{
    "meta": {
        "timestamp": "2026-01-31 19:18",
        "version": "v32.14 Sovereign Finality"
    },
    "account": {
        "id": 31785628,
        "currency": "GBP",
        "totalValue": 173697.93,
        "cash": {
            "availableToTrade": 835.42,
            "reservedForOrders": 28300.8,
            "inPies": 0
        },
        "investments": {
            "currentValue": 144561.72,
            "totalCost": 147549.95,
            "realizedProfitLoss": 26122.63,
            "unrealizedProfitLoss": -2988.23
        }
    },
    "holdings": [
        {
            "Ticker": "BMY",
            "Name": "Bristol-Myers Squibb",
            "Value_GBP": 7641.473082395433,
            "Value": 7641.473082395433,
            "Price_GBP": 40.218279381028594,
            "Price": 55.04,
            "Avg_Price": 50.57,
            "PL_GBP": 620.5920181378551,
            "PL": 620.5920181378551,
            "Shares": 190.0,
            "Currency": "USD",
            "FX_Impact": -141.83,
            "Weight_Pct": 5.282297864604374,
            "Weight": 5.282297864604374
        },
        {
            "Ticker": "DHR",
            "Name": "Danaher",
            "Value_GBP": 4797.695835028299,
            "Value": 4797.695835028299,
            "Price_GBP": 159.9231945009433,
            "Price": 218.86,
            "Avg_Price": 218.2,
            "PL_GBP": 14.468058352914,
            "PL": 14.468058352914,
            "Shares": 30.0,
            "Currency": "USD",
            "FX_Impact": 18.45,
            "Weight_Pct": 3.316488613010576,
            "Weight": 3.316488613010576
        },
        {
            "Ticker": "RIO",
            "Name": "Rio Tinto",
            "Value_GBP": 6897.6674704674,
            "Value": 6897.6674704674,
            "Price_GBP": 67.38,
            "Price": 67.38,
            "Avg_Price": 45.7667501255,
            "PL_GBP": 2212.5409704722797,
            "PL": 2212.5409704722797,
            "Shares": 102.36965673,
            "Currency": "GBX",
            "FX_Impact": null,
            "Weight_Pct": 4.768129620706492,
            "Weight": 4.768129620706492
        },
        {
            "Ticker": "LGEN",
            "Name": "Legal & General",
            "Value_GBP": 2651.0000000000005,
            "Value": 2651.0000000000005,
            "Price_GBP": 2.6510000000000002,
            "Price": 2.6510000000000002,
            "Avg_Price": 2.5980000000000003,
            "PL_GBP": 52.999999999999936,
            "PL": 52.999999999999936,
            "Shares": 1000.0,
            "Currency": "GBX",
            "FX_Impact": null,
            "Weight_Pct": 1.8325487099244548,
            "Weight": 1.8325487099244548
        },
        {
            "Ticker": "QELL",
            "Name": "Lilium",
            "Value_GBP": 0.12072634980969014,
            "Value": 0.12072634980969014,
            "Price_GBP": 0.0004384260106943524,
            "Price": 0.0006,
            "Avg_Price": 1.02294022,
            "PL_GBP": -205.7056717070593,
            "PL": -205.7056717070593,
            "Shares": 275.36311,
            "Currency": "USD",
            "FX_Impact": -11.2,
            "Weight_Pct": 8.345413677768242e-05,
            "Weight": 8.345413677768242e-05
        },
        {
            "Ticker": "BATS",
            "Name": "British American Tobacco",
            "Value_GBP": 4376.0,
            "Value": 4376.0,
            "Price_GBP": 43.76,
            "Price": 43.76,
            "Avg_Price": 42.027249000000005,
            "PL_GBP": 173.27509999999933,
            "PL": 173.27509999999933,
            "Shares": 100.0,
            "Currency": "GBX",
            "FX_Impact": null,
            "Weight_Pct": 3.024984215250627,
            "Weight": 3.024984215250627
        },
        {
            "Ticker": "VSNTV",
            "Name": "Versant Media Group",
            "Value_GBP": 2641.714006138286,
            "Value": 2641.714006138286,
            "Price_GBP": 23.7992252805251,
            "Price": 32.57,
            "Avg_Price": 33.25963964,
            "PL_GBP": -55.93585189364951,
            "PL": -55.93585189364951,
            "Shares": 111.0,
            "Currency": "USD",
            "FX_Impact": -63.36,
            "Weight_Pct": 1.8261296091807162,
            "Weight": 1.8261296091807162
        },
        {
            "Ticker": "NUE",
            "Name": "Nucor",
            "Value_GBP": 15472.199208564865,
            "Value": 15472.199208564865,
            "Price_GBP": 129.85447726748896,
            "Price": 177.71,
            "Avg_Price": 142.75373864,
            "PL_GBP": 3043.4429089447895,
            "PL": 3043.4429089447895,
            "Shares": 119.1502945,
            "Currency": "USD",
            "FX_Impact": -153.99,
            "Weight_Pct": 10.69542010537522,
            "Weight": 10.69542010537522
        },
        {
            "Ticker": "SOLV",
            "Name": "Solventum",
            "Value_GBP": 5622.81358715507,
            "Value": 5622.81358715507,
            "Price_GBP": 56.228135871550705,
            "Price": 76.95,
            "Avg_Price": 80.4473,
            "PL_GBP": -255.5512145335591,
            "PL": -255.5512145335591,
            "Shares": 100.0,
            "Currency": "USD",
            "FX_Impact": -104.14,
            "Weight_Pct": 3.886865252842972,
            "Weight": 3.886865252842972
        },
        {
            "Ticker": "RE",
            "Name": "Everest Group",
            "Value_GBP": 16211.594132746644,
            "Value": 16211.594132746644,
            "Price_GBP": 242.13537860631263,
            "Price": 331.37,
            "Avg_Price": 333.79806975,
            "PL_GBP": -118.78830706762851,
            "PL": -118.78830706762851,
            "Shares": 66.95260406,
            "Currency": "USD",
            "FX_Impact": -676.76,
            "Weight_Pct": 11.206539386564964,
            "Weight": 11.206539386564964
        },
        {
            "Ticker": "NFLX",
            "Name": "Netflix",
            "Value_GBP": 11587.16103664104,
            "Value": 11587.16103664104,
            "Price_GBP": 60.98505808758442,
            "Price": 83.46,
            "Avg_Price": 92.46947368,
            "PL_GBP": -1250.8294079264194,
            "PL": -1250.8294079264194,
            "Shares": 190.0,
            "Currency": "USD",
            "FX_Impact": -294.82,
            "Weight_Pct": 8.009821580303072,
            "Weight": 8.009821580303072
        },
        {
            "Ticker": "CRM",
            "Name": "Salesforce",
            "Value_GBP": 14273.280290562487,
            "Value": 14273.280290562487,
            "Price_GBP": 155.14435098437485,
            "Price": 212.32,
            "Avg_Price": 242.96684783,
            "PL_GBP": -2060.2442026177782,
            "PL": -2060.2442026177782,
            "Shares": 92.0,
            "Currency": "USD",
            "FX_Impact": -235.19,
            "Weight_Pct": 9.866647070109554,
            "Weight": 9.866647070109554
        },
        {
            "Ticker": "QCOM",
            "Name": "Qualcomm",
            "Value_GBP": 11970.082314381489,
            "Value": 11970.082314381489,
            "Price_GBP": 110.83409550353231,
            "Price": 151.68,
            "Avg_Price": 168.85388889,
            "PL_GBP": -1355.3063269471368,
            "PL": -1355.3063269471368,
            "Shares": 108.0,
            "Currency": "USD",
            "FX_Impact": -187.95,
            "Weight_Pct": 8.274522407736448,
            "Weight": 8.274522407736448
        },
        {
            "Ticker": "EOG",
            "Name": "EOG Resources",
            "Value_GBP": 13754.100458376537,
            "Value": 13754.100458376537,
            "Price_GBP": 81.94912849895272,
            "Price": 112.15,
            "Avg_Price": 114.00211891,
            "PL_GBP": -227.14426704412466,
            "PL": -227.14426704412466,
            "Shares": 167.83705587,