{
    "meta": {
        "timestamp": "2026-02-02 16:56",
        "version": "v0.03 Sovereign Finality"
    },
    "account": {
        "id": 31785628,
        "currency": "GBP",
        "totalValue": 174837.56,
        "cash": {
            "availableToTrade": 838.76,
            "reservedForOrders": 19084.61,
            "inPies": 0
        },
        "investments": {
            "currentValue": 154914.2,
            "totalCost": 156829.19,
            "realizedProfitLoss": 26122.63,
            "unrealizedProfitLoss": -1914.99
        }
    },
    "holdings": [
        {
            "Ticker": "BMY",
            "Name": "Bristol-Myers Squibb",
            "Value_GBP": 7715.395116776867,
            "Value": 7715.395116776867,
            "Price_GBP": 40.60734271987825,
            "Price": 55.42,
            "Avg_Price": 50.57,
            "PL_GBP": 675.2014853187985,
            "PL": 675.2014853187985,
            "Shares": 190.0,
            "Currency": "USD",
            "FX_Impact": -115.71,
            "Weight_Pct": 4.981359842576157,
            "Weight": 4.981359842576157
        },
        {
            "Ticker": "DHR",
            "Name": "Danaher",
            "Value_GBP": 4851.99860622089,
            "Value": 4851.99860622089,
            "Price_GBP": 161.73328687402966,
            "Price": 220.73,
            "Avg_Price": 218.2,
            "PL_GBP": 55.613448438086834,
            "PL": 55.613448438086834,
            "Shares": 30.0,
            "Currency": "USD",
            "FX_Impact": 36.25,
            "Weight_Pct": 3.1326394367941504,
            "Weight": 3.1326394367941504
        },
        {
            "Ticker": "RIO",
            "Name": "Rio Tinto",
            "Value_GBP": 6963.1840507746,
            "Value": 6963.1840507746,
            "Price_GBP": 68.02,
            "Price": 68.02,
            "Avg_Price": 45.7667501255,
            "PL_GBP": 2278.0575507794797,
            "PL": 2278.0575507794797,
            "Shares": 102.36965673,
            "Currency": "GBX",
            "FX_Impact": null,
            "Weight_Pct": 4.495703056292159,
            "Weight": 4.495703056292159
        },
        {
            "Ticker": "LGEN",
            "Name": "Legal & General",
            "Value_GBP": 2676.0,
            "Value": 2676.0,
            "Price_GBP": 2.676,
            "Price": 2.676,
            "Avg_Price": 2.5980000000000003,
            "PL_GBP": 77.99999999999984,
            "PL": 77.99999999999984,
            "Shares": 1000.0,
            "Currency": "GBX",
            "FX_Impact": null,
            "Weight_Pct": 1.7277299136304634,
            "Weight": 1.7277299136304634
        },
        {
            "Ticker": "QELL",
            "Name": "Lilium",
            "Value_GBP": 0.1593936070433672,
            "Value": 0.1593936070433672,
            "Price_GBP": 0.0005788488045597945,
            "Price": 0.00079,
            "Avg_Price": 1.02294022,
            "PL_GBP": -206.23317785565987,
            "PL": -206.23317785565987,
            "Shares": 275.36311,
            "Currency": "USD",
            "FX_Impact": -10.43,
            "Weight_Pct": 0.000102910726057655,
            "Weight": 0.000102910726057655
        },
        {
            "Ticker": "BATS",
            "Name": "British American Tobacco",
            "Value_GBP": 4432.0,
            "Value": 4432.0,
            "Price_GBP": 44.32,
            "Price": 44.32,
            "Avg_Price": 42.027249000000005,
            "PL_GBP": 229.27509999999955,
            "PL": 229.27509999999955,
            "Shares": 100.0,
            "Currency": "GBX",
            "FX_Impact": null,
            "Weight_Pct": 2.8614719645778077,
            "Weight": 2.8614719645778077
        },
        {
            "Ticker": "VSNTV",
            "Name": "Versant Media Group",
            "Value_GBP": 2670.9402738399313,
            "Value": 2670.9402738399313,
            "Price_GBP": 24.06252498954893,
            "Price": 32.84,
            "Avg_Price": 33.25963964,
            "PL_GBP": -34.130097898163484,
            "PL": -34.130097898163484,
            "Shares": 111.0,
            "Currency": "USD",
            "FX_Impact": -53.32,
            "Weight_Pct": 1.7244631571874403,
            "Weight": 1.7244631571874403
        },
        {
            "Ticker": "NUE",
            "Name": "Nucor",
            "Value_GBP": 15724.288223769383,
            "Value": 15724.288223769383,
            "Price_GBP": 131.97020023957543,
            "Price": 180.11,
            "Avg_Price": 142.75373864,
            "PL_GBP": 3261.3437376442143,
            "PL": 3261.3437376442143,
            "Shares": 119.1502945,
            "Currency": "USD",
            "FX_Impact": -107.75,
            "Weight_Pct": 10.15221342853273,
            "Weight": 10.15221342853273
        },
        {
            "Ticker": "SOLV",
            "Name": "Solventum",
            "Value_GBP": 5650.003964507057,
            "Value": 5650.003964507057,
            "Price_GBP": 56.50003964507057,
            "Price": 77.11,
            "Avg_Price": 80.4473,
            "PL_GBP": -244.53064752625338,
            "PL": -244.53064752625338,
            "Shares": 100.0,
            "Currency": "USD",
            "FX_Impact": -82.28,
            "Weight_Pct": 3.6478628032920604,
            "Weight": 3.6478628032920604
        },
        {
            "Ticker": "RE",
            "Name": "Everest Group",
            "Value_GBP": 16235.583739796128,
            "Value": 16235.583739796128,
            "Price_GBP": 242.49368591020757,
            "Price": 330.95,
            "Avg_Price": 333.79806975,
            "PL_GBP": -139.7192171714942,
            "PL": -139.7192171714942,
            "Shares": 66.95260406,
            "Currency": "USD",
            "FX_Impact": -616.02,
            "Weight_Pct": 10.482325744580761,
            "Weight": 10.482325744580761
        },
        {
            "Ticker": "NFLX",
            "Name": "Netflix",
            "Value_GBP": 11691.426956097459,
            "Value": 11691.426956097459,
            "Price_GBP": 61.53382608472347,
            "Price": 83.98,
            "Avg_Price": 92.46947368,
            "PL_GBP": -1181.8773687238834,
            "PL": -1181.8773687238834,
            "Shares": 190.0,
            "Currency": "USD",
            "FX_Impact": -247.08,
            "Weight_Pct": 7.548440988443622,
            "Weight": 7.548440988443622
        },
        {
            "Ticker": "CRM",
            "Name": "Salesforce",
            "Value_GBP": 14430.510190474177,
            "Value": 14430.510190474177,
            "Price_GBP": 156.85337163558887,
            "Price": 214.07,
            "Avg_Price": 242.96684783,
            "PL_GBP": -1947.9434628084132,
            "PL": -1947.9434628084132,
            "Shares": 92.0,
            "Currency": "USD",
            "FX_Impact": -174.43,
            "Weight_Pct": 9.316899897246438,
            "Weight": 9.316899897246438
        },
        {
            "Ticker": "QCOM",
            "Name": "Qualcomm",
            "Value_GBP": 12130.414165955515,
            "Value": 12130.414165955515,
            "Price_GBP": 112.31864968477329,
            "Price": 153.29,
            "Avg_Price": 168.85388889,
            "PL_GBP": -1231.6290577899006,
            "PL": -1231.6290577899006,
            "Shares": 108.0,
            "Currency": "USD",
            "FX_Impact": -138.38,
            "Weight_Pct": 7.831868243366244,
            "Weight": 7.831868243366244
        },
        {
            "Ticker": "EOG",
            "Name": "EOG Resources",
            "Value_GBP": 13474.652185563713,
            "Value": 13474.652185563713,
            "Price_GBP": 80.28413103242617,
            "Price": 109.57,
            "Avg_Price": 114.00211891,
            "PL_GBP": -545.0512070576792,
            "PL": -545.0512070576792,
            "Shares": 167.83705587,
            "Currency": "USD",