{
    "meta": {
        "timestamp": "2026-02-02 19:45",
        "version": "v0.10 Sovereign Finality"
    },
    "account": {
        "id": 31785628,
        "currency": "GBP",
        "totalValue": 174395.02,
        "cash": {
            "availableToTrade": 858.47,
            "reservedForOrders": 19064.9,
            "inPies": 0
        },
        "investments": {
            "currentValue": 154471.66,
            "totalCost": 156829.19,
            "realizedProfitLoss": 26122.63,
            "unrealizedProfitLoss": -2357.53
        }
    },
    "holdings": [
        {
            "Ticker": "BMY",
            "Name": "Bristol-Myers Squibb",
            "Value_GBP": 7740.71,
            "Value": 7740.71,
            "Price_GBP": 40.74057894736842,
            "Price": 55.65,
            "Avg_Price": 50.57,
            "PL_GBP": 583.58,
            "PL": 583.58,
            "Shares": 190.0,
            "Currency": "USD",
            "FX_Impact": -123.03,
            "Weight_Pct": 5.011114071756196,
            "Weight": 5.011114071756196
        },
        {
            "Ticker": "DHR",
            "Name": "Danaher",
            "Value_GBP": 4884.48,
            "Value": 4884.48,
            "Price_GBP": 162.81599999999997,
            "Price": 222.4,
            "Avg_Price": 218.2,
            "PL_GBP": 123.51,
            "PL": 123.51,
            "Shares": 30.0,
            "Currency": "USD",
            "FX_Impact": 31.27,
            "Weight_Pct": 3.1620725309708932,
            "Weight": 3.1620725309708932
        },
        {
            "Ticker": "RIO",
            "Name": "Rio Tinto",
            "Value_GBP": 6963.18,
            "Value": 6963.18,
            "Price_GBP": 68.01996042992886,
            "Price": 68.02,
            "Avg_Price": 45.7667501255,
            "PL_GBP": 2278.06,
            "PL": 2278.06,
            "Shares": 102.36965673,
            "Currency": "GBX",
            "FX_Impact": null,
            "Weight_Pct": 4.5077634069964265,
            "Weight": 4.5077634069964265
        },
        {
            "Ticker": "LGEN",
            "Name": "Legal & General",
            "Value_GBP": 2676.0,
            "Value": 2676.0,
            "Price_GBP": 2.676,
            "Price": 2.676,
            "Avg_Price": 2.5980000000000003,
            "PL_GBP": 78.0,
            "PL": 78.0,
            "Shares": 1000.0,
            "Currency": "GBX",
            "FX_Impact": null,
            "Weight_Pct": 1.7323657979719667,
            "Weight": 1.7323657979719667
        },
        {
            "Ticker": "QELL",
            "Name": "Lilium",
            "Value_GBP": 0.16,
            "Value": 0.16,
            "Price_GBP": 0.0005810509621277883,
            "Price": 0.00079,
            "Avg_Price": 1.02294022,
            "PL_GBP": -216.7,
            "PL": -216.7,
            "Shares": 275.36311,
            "Currency": "USD",
            "FX_Impact": -10.65,
            "Weight_Pct": 0.00010357941990863776,
            "Weight": 0.00010357941990863776
        },
        {
            "Ticker": "BATS",
            "Name": "British American Tobacco",
            "Value_GBP": 4432.0,
            "Value": 4432.0,
            "Price_GBP": 44.32,
            "Price": 44.32,
            "Avg_Price": 42.027249000000005,
            "PL_GBP": 229.28,
            "PL": 229.28,
            "Shares": 100.0,
            "Currency": "GBX",
            "FX_Impact": null,
            "Weight_Pct": 2.869149931469266,
            "Weight": 2.869149931469266
        },
        {
            "Ticker": "VSNTV",
            "Name": "Versant Media Group",
            "Value_GBP": 2632.87,
            "Value": 2632.87,
            "Price_GBP": 23.719549549549548,
            "Price": 32.4,
            "Avg_Price": 33.25963964,
            "PL_GBP": -126.0,
            "PL": -126.0,
            "Shares": 111.0,
            "Currency": "USD",
            "FX_Impact": -56.14,
            "Weight_Pct": 1.7044446705928442,
            "Weight": 1.7044446705928442
        },
        {
            "Ticker": "NUE",
            "Name": "Nucor",
            "Value_GBP": 15790.93,
            "Value": 15790.93,
            "Price_GBP": 132.5295087709582,
            "Price": 181.03,
            "Avg_Price": 142.75373864,
            "PL_GBP": 3218.06,
            "PL": 3218.06,
            "Shares": 119.1502945,
            "Currency": "USD",
            "FX_Impact": -120.71,
            "Weight_Pct": 10.222596057611907,
            "Weight": 10.222596057611907
        },
        {
            "Ticker": "SOLV",
            "Name": "Solventum",
            "Value_GBP": 5623.15,
            "Value": 5623.15,
            "Price_GBP": 56.2315,
            "Price": 76.81,
            "Avg_Price": 80.4473,
            "PL_GBP": -354.69,
            "PL": -354.69,
            "Shares": 100.0,
            "Currency": "USD",
            "FX_Impact": -88.41,
            "Weight_Pct": 3.640266344120352,
            "Weight": 3.640266344120352
        },
        {
            "Ticker": "RE",
            "Name": "Everest Group",
            "Value_GBP": 16211.24,
            "Value": 16211.24,
            "Price_GBP": 242.13008930126443,
            "Price": 330.74,
            "Avg_Price": 333.79806975,
            "PL_GBP": -782.93,
            "PL": -782.93,
            "Shares": 66.95260406,
            "Currency": "USD",
            "FX_Impact": -633.04,
            "Weight_Pct": 10.494692719998154,
            "Weight": 10.494692719998154
        },
        {
            "Ticker": "NFLX",
            "Name": "Netflix",
            "Value_GBP": 11529.69,
            "Value": 11529.69,
            "Price_GBP": 60.68257894736843,
            "Price": 82.89,
            "Avg_Price": 92.46947368,
            "PL_GBP": -1592.93,
            "PL": -1592.93,
            "Shares": 190.0,
            "Currency": "USD",
            "FX_Impact": -260.46,
            "Weight_Pct": 7.463991262040135,
            "Weight": 7.463991262040135
        },
        {
            "Ticker": "CRM",
            "Name": "Salesforce",
            "Value_GBP": 14200.47,
            "Value": 14200.47,
            "Price_GBP": 154.35293478260868,
            "Price": 210.84,
            "Avg_Price": 242.96684783,
            "PL_GBP": -2355.27,
            "PL": -2355.27,
            "Shares": 92.0,
            "Currency": "USD",
            "FX_Impact": -191.47,
            "Weight_Pct": 9.192977781437582,
            "Weight": 9.192977781437582
        },
        {
            "Ticker": "QCOM",
            "Name": "Qualcomm",
            "Value_GBP": 12062.2,
            "Value": 12062.2,
            "Price_GBP": 111.68703703703704,
            "Price": 152.56,
            "Avg_Price": 168.85388889,
            "PL_GBP": -1440.55,
            "PL": -1440.55,
            "Shares": 108.0,
            "Currency": "USD",
            "FX_Impact": -152.27,
            "Weight_Pct": 7.808722992637315,
            "Weight": 7.808722992637315
        },
        {
            "Ticker": "EOG",
            "Name": "EOG Resources",
            "Value_GBP": 13466.68,
            "Value": 13466.68,
            "Price_GBP": 80.23663147684599,
            "Price": 109.6,
            "Avg_Price": 114.00211891,
            "PL_GBP": -800.49,
            "PL": -800.49,
            "Shares": 167.83705587,
            "Currency": "USD",
            "FX_Impact": -259.6,
            "Weight_Pct": 8.717943140595336,
            "Weight": 8.717943140595336
        },
        {
            "Ticker": "CTVA",
            "Name": "Corteva",
            "Value_GBP": 12116.75,
            "Value": 12116.75,
            "Price_GBP": 53.852222222222224,
            "Price": 73.56,
            "Avg_Price": 69.9412,
            "PL_GBP": 438.33,
            "PL": 438.33,
            "Shares": 225.0,
            "Currency": "USD",
            "FX_Impact": -157.76,
            "Weight_Pct": 7.8440371011124155,