{
    "meta": {
        "timestamp": "2026-02-02 18:01",
        "version": "v0.08 Sovereign Finality"
    },
    "account": {
        "id": 31785628,
        "currency": "GBP",
        "totalValue": 174604.66,
        "cash": {
            "availableToTrade": 859.16,
            "reservedForOrders": 19064.2,
            "inPies": 0
        },
        "investments": {
            "currentValue": 154681.3,
            "totalCost": 156829.19,
            "realizedProfitLoss": 26122.63,
            "unrealizedProfitLoss": -2147.89
        }
    },
    "holdings": [
        {
            "Ticker": "BMY",
            "Name": "Bristol-Myers Squibb",
            "Value_GBP": 7736.37,
            "Value": 7736.37,
            "Price_GBP": 40.71773684210526,
            "Price": 55.62,
            "Avg_Price": 50.57,
            "PL_GBP": 579.24,
            "PL": 579.24,
            "Shares": 190.0,
            "Currency": "USD",
            "FX_Impact": -123.18,
            "Weight_Pct": 5.001456856772198,
            "Weight": 5.001456856772198
        },
        {
            "Ticker": "DHR",
            "Name": "Danaher",
            "Value_GBP": 4880.2,
            "Value": 4880.2,
            "Price_GBP": 162.67333333333332,
            "Price": 222.21,
            "Avg_Price": 218.2,
            "PL_GBP": 119.23,
            "PL": 119.23,
            "Shares": 30.0,
            "Currency": "USD",
            "FX_Impact": 31.16,
            "Weight_Pct": 3.154982214193437,
            "Weight": 3.154982214193437
        },
        {
            "Ticker": "RIO",
            "Name": "Rio Tinto",
            "Value_GBP": 6963.18,
            "Value": 6963.18,
            "Price_GBP": 68.01996042992886,
            "Price": 68.02,
            "Avg_Price": 45.7667501255,
            "PL_GBP": 2278.06,
            "PL": 2278.06,
            "Shares": 102.36965673,
            "Currency": "GBX",
            "FX_Impact": null,
            "Weight_Pct": 4.5016001504502805,
            "Weight": 4.5016001504502805
        },
        {
            "Ticker": "LGEN",
            "Name": "Legal & General",
            "Value_GBP": 2676.0,
            "Value": 2676.0,
            "Price_GBP": 2.676,
            "Price": 2.676,
            "Avg_Price": 2.5980000000000003,
            "PL_GBP": 78.0,
            "PL": 78.0,
            "Shares": 1000.0,
            "Currency": "GBX",
            "FX_Impact": null,
            "Weight_Pct": 1.7299972142907336,
            "Weight": 1.7299972142907336
        },
        {
            "Ticker": "QELL",
            "Name": "Lilium",
            "Value_GBP": 0.16,
            "Value": 0.16,
            "Price_GBP": 0.0005810509621277883,
            "Price": 0.00079,
            "Avg_Price": 1.02294022,
            "PL_GBP": -216.7,
            "PL": -216.7,
            "Shares": 275.36311,
            "Currency": "USD",
            "FX_Impact": -10.65,
            "Weight_Pct": 0.00010343780055549977,
            "Weight": 0.00010343780055549977
        },
        {
            "Ticker": "BATS",
            "Name": "British American Tobacco",
            "Value_GBP": 4432.0,
            "Value": 4432.0,
            "Price_GBP": 44.32,
            "Price": 44.32,
            "Avg_Price": 42.027249000000005,
            "PL_GBP": 229.28,
            "PL": 229.28,
            "Shares": 100.0,
            "Currency": "GBX",
            "FX_Impact": null,
            "Weight_Pct": 2.8652270753873434,
            "Weight": 2.8652270753873434
        },
        {
            "Ticker": "VSNTV",
            "Name": "Versant Media Group",
            "Value_GBP": 2671.82,
            "Value": 2671.82,
            "Price_GBP": 24.07045045045045,
            "Price": 32.88,
            "Avg_Price": 33.25963964,
            "PL_GBP": -87.05,
            "PL": -87.05,
            "Shares": 111.0,
            "Currency": "USD",
            "FX_Impact": -56.2,
            "Weight_Pct": 1.7272949017512214,
            "Weight": 1.7272949017512214
        },
        {
            "Ticker": "NUE",
            "Name": "Nucor",
            "Value_GBP": 15757.44,
            "Value": 15757.44,
            "Price_GBP": 132.24843518955802,
            "Price": 180.65,
            "Avg_Price": 142.75373864,
            "PL_GBP": 3184.57,
            "PL": 3184.57,
            "Shares": 119.1502945,
            "Currency": "USD",
            "FX_Impact": -120.98,
            "Weight_Pct": 10.18696834990784,
            "Weight": 10.18696834990784
        },
        {
            "Ticker": "SOLV",
            "Name": "Solventum",
            "Value_GBP": 5634.01,
            "Value": 5634.01,
            "Price_GBP": 56.3401,
            "Price": 76.96,
            "Avg_Price": 80.4473,
            "PL_GBP": -343.83,
            "PL": -343.83,
            "Shares": 100.0,
            "Currency": "USD",
            "FX_Impact": -88.54,
            "Weight_Pct": 3.6423100169230707,
            "Weight": 3.6423100169230707
        },
        {
            "Ticker": "RE",
            "Name": "Everest Group",
            "Value_GBP": 16223.63,
            "Value": 16223.63,
            "Price_GBP": 242.31514558359956,
            "Price": 331.0,
            "Avg_Price": 333.79806975,
            "PL_GBP": -770.54,
            "PL": -770.54,
            "Shares": 66.95260406,
            "Currency": "USD",
            "FX_Impact": -633.4,
            "Weight_Pct": 10.488353776413891,
            "Weight": 10.488353776413891
        },
        {
            "Ticker": "NFLX",
            "Name": "Netflix",
            "Value_GBP": 11608.72,
            "Value": 11608.72,
            "Price_GBP": 61.09852631578947,
            "Price": 83.46,
            "Avg_Price": 92.46947368,
            "PL_GBP": -1513.9,
            "PL": -1513.9,
            "Shares": 190.0,
            "Currency": "USD",
            "FX_Impact": -260.74,
            "Weight_Pct": 7.504877900404007,
            "Weight": 7.504877900404007
        },
        {
            "Ticker": "CRM",
            "Name": "Salesforce",
            "Value_GBP": 14316.68,
            "Value": 14316.68,
            "Price_GBP": 155.61608695652174,
            "Price": 212.57,
            "Avg_Price": 242.96684783,
            "PL_GBP": -2239.06,
            "PL": -2239.06,
            "Shares": 92.0,
            "Currency": "USD",
            "FX_Impact": -191.82,
            "Weight_Pct": 9.255536815355702,
            "Weight": 9.255536815355702
        },
        {
            "Ticker": "QCOM",
            "Name": "Qualcomm",
            "Value_GBP": 12095.14,
            "Value": 12095.14,
            "Price_GBP": 111.99203703703704,
            "Price": 152.98,
            "Avg_Price": 168.85388889,
            "PL_GBP": -1407.61,
            "PL": -1407.61,
            "Shares": 108.0,
            "Currency": "USD",
            "FX_Impact": -152.56,
            "Weight_Pct": 7.819341743817796,
            "Weight": 7.819341743817796
        },
        {
            "Ticker": "EOG",
            "Name": "EOG Resources",
            "Value_GBP": 13461.47,
            "Value": 13461.47,
            "Price_GBP": 80.20558946426424,
            "Price": 109.56,
            "Avg_Price": 114.00211891,
            "PL_GBP": -805.7,
            "PL": -805.7,
            "Shares": 167.83705587,
            "Currency": "USD",
            "FX_Impact": -259.9,
            "Weight_Pct": 8.70265530652402,
            "Weight": 8.70265530652402
        },
        {
            "Ticker": "CTVA",
            "Name": "Corteva",
            "Value_GBP": 12085.19,
            "Value": 12085.19,
            "Price_GBP": 53.711955555555555,
            "Price": 73.37,
            "Avg_Price": 69.9412,
            "PL_GBP": 406.77,
            "PL": 406.77,
            "Shares": 225.0,
            "Currency": "USD",
            "FX_Impact": -158.01,
            "Weight_Pct": 7.812909205595751,